Name,Cost,category_id,created_at,updated_at,Abbreviation,ChildOf
Pizza Sauce,0,1,,,PSC,
Mozzerella,0,1,,,CHS,
Ham,0.5,1,,,H,
Sausage,0.5,1,,,S,
Pepperoni,0.5,1,,,P,
Green Pepper,0.5,1,,,GP,
Onion,0.5,1,,,O,
Mushroom,0.5,1,,,M,
Ground Beef,0.5,1,,,GB,
Bacon,0.5,1,,,B,
Green Olives,0.5,1,,,GO,
Black Olives,0.5,1,,,BO,
Lettuce,0.5,1,,,LET,
Tomatoes,0.5,1,,,T,
Jalapeno Peppers,0.5,1,,,JAL,
Banana Peppers,0.5,1,,,BP,
Anchovies,0.5,1,,,ANC,
Pineapple,0.5,1,,,PIN,
Chicken,0.5,1,,,CK,
Spaghetti Sauce,0.5,1,,,SPSC,
Barbeque Sauce,0.5,1,,,BBQ,
Ranch Dressing,0.5,1,,,RNCH,
Miracle Whip,0.5,1,,,MWP,
Alfredo Sauce,0.5,1,,,ALF,
Romano Cheese,0.5,1,,,ROM,
Feta Cheese,0.5,1,,,FET,
Extra Pizza Sauce,0.5,1,,,xPSC,
Extra Mozzerella,1,1,,,xCHS,
Extra Ham,1,1,,,xH,
Extra Sausage,1,1,,,xS,
Extra Pepperoni,1,1,,,xP,
Extra Green Pepper,1,1,,,xGP,
Extra Onion,1,1,,,xO,
Extra Mushroom,1,1,,,xM,
Extra Ground Beef,1,1,,,xGB,
Extra Bacon,1,1,,,xB,
Extra Green Olives,1,1,,,xGO,
Extra Black Olives,1,1,,,xBO,
Extra Tomatoes,1,1,,,xT,
Extra Jalapeno Peppers,1,1,,,xJAL,
Extra Banana Peppers,1,1,,,xBP,
Extra Anchovies,1,1,,,xANC,
Extra Pineapple,1,1,,,xPIN,
Extra Chicken,1,1,,,xCK,
Light Pizza Sauce,0,1,,,ltPS,
Light Mozzerella,0,1,,,ltCHS,
Light Ham,0.5,1,,,ltH,
Light Sausage,0.5,1,,,ltS,
Light Pepperoni,0.5,1,,,ltP,
Light Green Pepper,0.5,1,,,ltGP,
Light Onion,0.5,1,,,ltO,
Light Mushroom,0.5,1,,,ltM,
Light Ground Beef,0.5,1,,,ltGB,
Light Bacon,0.5,1,,,ltB,
Light Green Olives,0.5,1,,,ltGO,
Light Black Olives,0.5,1,,,ltBO,
Light Tomatoes,0.5,1,,,ltT,
Light Jalapeno Peppers,0.5,1,,,ltJAL,
Light Banana Peppers,0.5,1,,,ltBP,
Light Anchovies,0.5,1,,,ltANC,
Light Pineapple,0.5,1,,,ltPIN,
Light Chicken,0.5,1,,,ltCK,
blank,0.5,1,,,BLANK,
Pizza Sauce,0,2,,,PSC,
Mozzerella,0,2,,,CHS,
Ham,0.75,2,,,H,
Sausage,0.75,2,,,S,
Pepperoni,0.75,2,,,P,
Green Pepper,0.75,2,,,GP,
Onion,0.75,2,,,O,
Mushroom,0.75,2,,,M,
Ground Beef,0.75,2,,,GB,
Bacon,0.75,2,,,B,
Green Olives,0.75,2,,,GO,
Black Olives,0.75,2,,,BO,
Lettuce,0.75,2,,,LET,
Tomatoes,0.75,2,,,T,
Jalapeno Peppers,0.75,2,,,JAL,
Banana Peppers,0.75,2,,,BP,
Anchovies,0.75,2,,,ANC,
Pineapple,0.75,2,,,PIN,
Chicken,0.75,2,,,CK,
Spaghetti Sauce,0.75,2,,,SPSC,
Barbeque Sauce,0.75,2,,,BBQ,
Ranch Dressing,0.75,2,,,RNCH,
Miracle Whip,0.75,2,,,MWP,
Alfredo Sauce,0.75,2,,,ALF,
Romano Cheese,0.75,2,,,ROM,
Feta Cheese,0.75,2,,,FET,
Extra Pizza Sauce,0.75,2,,,xPSC,
Extra Mozzerella,1.5,2,,,xCHS,
Extra Ham,1.5,2,,,xH,
Extra Sausage,1.5,2,,,xS,
Extra Pepperoni,1.5,2,,,xP,
Extra Green Pepper,1.5,2,,,xGP,
Extra Black Olives,1.5,2,,,xBO,
Extra Onion,1.5,2,,,xO,
Extra Mushroom,1.5,2,,,xM,
Extra Ground Beef,1.5,2,,,xGB,
Extra Bacon,1.5,2,,,xB,
Extra Green Olives,1.5,2,,,xGO,
Extra Tomatoes,1.5,2,,,xT,
Extra Jalapeno Peppers,1.5,2,,,xJAL,
Extra Banana Peppers,1.5,2,,,xBP,
Extra Anchovies,1.5,2,,,xANC,
Extra Pineapple,1.5,2,,,xPIN,
Extra Chicken,1.5,2,,,xCK,
Light Pizza Sauce,0,2,,,ltPS,
Light Mozzerella,0,2,,,ltCHS,
Light Ham,0.75,2,,,ltH,
Light Sausage,0.75,2,,,ltS,
Light Pepperoni,0.75,2,,,ltP,
Light Green Pepper,0.75,2,,,ltGP,
Light Onion,0.75,2,,,ltO,
Light Mushroom,0.75,2,,,ltM,
Light Ground Beef,0.75,2,,,ltGB,
Light Bacon,0.75,2,,,ltB,
Light Green Olives,0.75,2,,,ltGO,
Light Black Olives,0.75,2,,,ltBO,
Light Tomatoes,0.75,2,,,ltT,
Light Jalapeno Peppers,0.75,2,,,ltJAL,
Light Banana Peppers,0.75,2,,,ltBP,
Light Anchovies,0.75,2,,,ltANC,
Light Pineapple,0.75,2,,,ltPIN,
Light Chicken,0.75,2,,,ltCK,
blank,0.75,2,,,BLANK,
Pizza Sauce,0,3,,,PSC,
Mozzerella,0,3,,,CHS,
Ham,1,3,,,H,
Sausage,1,3,,,S,
Pepperoni,1,3,,,P,
Green Pepper,1,3,,,GP,
Onion,1,3,,,O,
Mushroom,1,3,,,M,
Ground Beef,1,3,,,GB,
Bacon,1,3,,,B,
Green Olives,1,3,,,GO,
Black Olives,1,3,,,BO,
Lettuce,1,3,,,LET,
Tomatoes,1,3,,,T,
Jalapeno Peppers,1,3,,,JAL,
Banana Peppers,1,3,,,BP,
Anchovies,1,3,,,ANC,
Pineapple,1,3,,,PIN,
Chicken,1,3,,,CK,
Spaghetti Sauce,1,3,,,SPSC,
Barbeque Sauce,1,3,,,BBQ,
Ranch Dressing,1,3,,,RNCH,
Miracle Whip,1,3,,,MWP,
Alfredo Sauce,1,3,,,ALF,
Romano Cheese,1,3,,,ROM,
Feta Cheese,1,3,,,FET,
Extra Pizza Sauce,1,3,,,xPSC,
Extra Mozzerella,2,3,,,xCHS,
Extra Ham,2,3,,,xH,
Extra Sausage,2,3,,,xS,
Extra Pepperoni,2,3,,,xP,
Extra Green Pepper,2,3,,,xGP,
Extra Onion,2,3,,,xO,
Extra Mushroom,2,3,,,xM,
Extra Ground Beef,2,3,,,xGB,
Extra Bacon,2,3,,,xB,
Extra Green Olives,2,3,,,xGO,
Extra Black Olives,2,3,,,xBO,
Extra Tomatoes,2,3,,,xT,
Extra Jalapeno Peppers,2,3,,,xJAL,
Extra Banana Peppers,2,3,,,xBP,
Extra Anchovies,2,3,,,xANC,
Extra Pineapple,2,3,,,xPIN,
Extra Chicken,2,3,,,xCK,
Light Pizza Sauce,0,3,,,ltPS,
Light Mozzerella,0,3,,,ltCHS,
Light Ham,1,3,,,ltH,
Light Sausage,1,3,,,ltS,
Light Pepperoni,1,3,,,ltP,
Light Green Pepper,1,3,,,ltGP,
Light Onion,1,3,,,ltO,
Light Mushroom,1,3,,,ltM,
Light Ground Beef,1,3,,,ltGB,
Light Bacon,1,3,,,ltB,
Light Green Olives,1,3,,,ltGO,
Light Black Olives,1,3,,,ltBO,
Light Tomatoes,1,3,,,ltT,
Light Jalapeno Peppers,1,3,,,ltJAL,
Light Banana Peppers,1,3,,,ltBP,
Light Anchovies,1,3,,,ltANC,
Light Pineapple,1,3,,,ltPIN,
Light Chicken,1,3,,,ltCK,
blank,1,3,,,BLANK,
Pizza Sauce,0,4,,,PSC,
Mozzerella,0,4,,,CHS,
Ham,1.25,4,,,H,
Sausage,1.25,4,,,S,
Pepperoni,1.25,4,,,P,
Green Pepper,1.25,4,,,GP,
Onion,1.25,4,,,O,
Mushroom,1.25,4,,,M,
Ground Beef,1.25,4,,,GB,
Bacon,1.25,4,,,B,
Green Olives,1.25,4,,,GO,
Black Olives,1.25,4,,,BO,
Lettuce,1.25,4,,,LET,
Tomatoes,1.25,4,,,T,
Jalapeno Peppers,1.25,4,,,JAL,
Banana Peppers,1.25,4,,,BP,
Anchovies,1.25,4,,,ANC,
Pineapple,1.25,4,,,PIN,
Chicken,1.25,4,,,CK,
Spaghetti Sauce,1.25,4,,,SPSC,
Barbeque Sauce,1.25,4,,,BBQ,
Ranch Dressing,1.25,4,,,RNCH,
Miracle Whip,1.25,4,,,MWP,
Alfredo Sauce,1.25,4,,,ALF,
Romano Cheese,1.25,4,,,ROM,
Feta Cheese,1.25,4,,,FET,
Extra Pizza Sauce,1.25,4,,,xPSC,
Extra Mozzerella,2.5,4,,,xCHS,
Extra Ham,2.5,4,,,xH,
Extra Sausage,2.5,4,,,xS,
Extra Pepperoni,2.5,4,,,xP,
Extra Green Pepper,2.5,4,,,xGP,
Extra Onion,2.5,4,,,xO,
Extra Mushroom,2.5,4,,,xM,
Extra Ground Beef,2.5,4,,,xGB,
Extra Bacon,2.5,4,,,xB,
Extra Green Olives,2.5,4,,,xGO,
Extra Black Olives,2.5,4,,,xBO,
Extra Tomatoes,2.5,4,,,xT,
Extra Jalapeno Peppers,2.5,4,,,xJAL,
Extra Banana Peppers,2.5,4,,,xBP,
Extra Anchovies,2.5,4,,,xANC,
Extra Pineapple,2.5,4,,,xPIN,
Extra Chicken,2.5,4,,,xCK,
Light Pizza Sauce,0,4,,,ltPS,
Light Mozzerella,0,4,,,ltCHS,
Light Ham,1.25,4,,,ltH,
Light Sausage,1.25,4,,,ltS,
Light Pepperoni,1.25,4,,,ltP,
Light Green Pepper,1.25,4,,,ltGP,
Light Onion,1.25,4,,,ltO,
Light Mushroom,1.25,4,,,ltM,
Light Ground Beef,1.25,4,,,ltGB,
Light Bacon,1.25,4,,,ltB,
Light Green Olives,1.25,4,,,ltGO,
Light Black Olives,1.25,4,,,ltBO,
Light Tomatoes,1.25,4,,,ltT,
Light Jalapeno Peppers,1.25,4,,,ltJAL,
Light Banana Peppers,1.25,4,,,ltBP,
Light Anchovies,1.25,4,,,ltANC,
Light Pineapple,1.25,4,,,ltPIN,
Light Chicken,1.25,4,,,ltCK,
blank,1.25,4,,,BLANK,
Pizza Sauce,0,5,,,PSC,
Mozzerella,0,5,,,CHS,
Ham,1.5,5,,,H,
Sausage,1.5,5,,,S,
Pepperoni,1.5,5,,,P,
Green Pepper,1.5,5,,,GP,
Onion,1.5,5,,,O,
Mushroom,1.5,5,,,M,
Ground Beef,1.5,5,,,GB,
Bacon,1.5,5,,,B,
Green Olives,1.5,5,,,GO,
Black Olives,1.5,5,,,BO,
Lettuce,1.5,5,,,LET,
Tomatoes,1.5,5,,,T,
Jalapeno Peppers,1.5,5,,,JAL,
Banana Peppers,1.5,5,,,BP,
Anchovies,1.5,5,,,ANC,
Pineapple,1.5,5,,,PIN,
Chicken,1.5,5,,,CK,
Spaghetti Sauce,1.5,5,,,SPSC,
Barbeque Sauce,1.5,5,,,BBQ,
Ranch Dressing,1.5,5,,,RNCH,
Miracle Whip,1.5,5,,,MWP,
Alfredo Sauce,1.5,5,,,ALF,
Romano Cheese,1.5,5,,,ROM,
Feta Cheese,1.5,5,,,FET,
Extra Pizza Sauce,1.5,5,,,xPSC,
Extra Mozzerella,3,5,,,xCHS,
Extra Ham,3,5,,,xH,
Extra Sausage,3,5,,,xS,
Extra Pepperoni,3,5,,,xP,
Extra Green Pepper,3,5,,,xGP,
Extra Onion,3,5,,,xO,
Extra Mushroom,3,5,,,xM,
Extra Ground Beef,3,5,,,xGB,
Extra Bacon,3,5,,,xB,
Extra Green Olives,3,5,,,xGO,
Extra Black Olives,3,5,,,xBO,
Extra Tomatoes,3,5,,,xT,
Extra Jalapeno Peppers,3,5,,,xJAL,
Extra Banana Peppers,3,5,,,xBP,
Extra Anchovies,3,5,,,xANC,
Extra Pineapple,3,5,,,xPIN,
Extra Chicken,3,5,,,xCK,
Light Pizza Sauce,0,5,,,ltPS,
Light Mozzerella,0,5,,,ltCHS,
Light Ham,1.5,5,,,ltH,
Light Sausage,1.5,5,,,ltS,
Light Pepperoni,1.5,5,,,ltP,
Light Green Pepper,1.5,5,,,ltGP,
Light Onion,1.5,5,,,ltO,
Light Mushroom,1.5,5,,,ltM,
Light Ground Beef,1.5,5,,,ltGB,
Light Bacon,1.5,5,,,ltB,
Light Green Olives,1.5,5,,,ltGO,
Light Black Olives,1.5,5,,,ltBO,
Light Tomatoes,1.5,5,,,ltT,
Light Jalapeno Peppers,1.5,5,,,ltJAL,
Light Banana Peppers,1.5,5,,,ltBP,
Light Anchovies,1.5,5,,,ltANC,
Light Pineapple,1.5,5,,,ltPIN,
Light Chicken,1.5,5,,,ltCK,
blank,1.5,5,,,BLANK,
Pizza Sauce,0,6,,,PSC,
Mozzerella,0,6,,,CHS,
Ham,2,6,,,H,
Sausage,2,6,,,S,
Pepperoni,2,6,,,P,
Green Pepper,2,6,,,GP,
Onion,2,6,,,O,
Mushroom,2,6,,,M,
Ground Beef,2,6,,,GB,
Bacon,2,6,,,B,
Green Olives,2,6,,,GO,
Black Olives,2,6,,,BO,
Lettuce,2,6,,,LET,
Tomatoes,2,6,,,T,
Jalapeno Peppers,2,6,,,JAL,
Banana Peppers,2,6,,,BP,
Anchovies,2,6,,,ANC,
Pineapple,2,6,,,PIN,
Chicken,2,6,,,CK,
Spaghetti Sauce,2,6,,,SPSC,
Barbeque Sauce,2,6,,,BBQ,
Ranch Dressing,2,6,,,RNCH,
Miracle Whip,2,6,,,MWP,
Alfredo Sauce,2,6,,,ALF,
Romano Cheese,2,6,,,ROM,
Feta Cheese,2,6,,,FET,
Extra Pizza Sauce,2,6,,,xPSC,
Extra Mozzerella,3.75,6,,,xCHS,
Extra Ham,4,6,,,xH,
Extra Sausage,4,6,,,xS,
Extra Pepperoni,4,6,,,xP,
Extra Green Pepper,4,6,,,xGP,
Extra Onion,4,6,,,xO,
Extra Mushroom,4,6,,,xM,
Extra Ground Beef,4,6,,,xGB,
Extra Bacon,4,6,,,xB,
Extra Green Olives,4,6,,,xGO,
Extra Black Olives,4,6,,,xBO,
Extra Tomatoes,4,6,,,xT,
Extra Jalapeno Peppers,4,6,,,xJAL,
Extra Banana Peppers,4,6,,,xBP,
Extra Anchovies,4,6,,,xANC,
Extra Pineapple,4,6,,,xPIN,
Extra Chicken,4,6,,,xCK,
Light Pizza Sauce,0,6,,,ltPS,
Light Mozzerella,0,6,,,ltCHS,
Light Ham,2,6,,,ltH,
Light Sausage,2,6,,,ltS,
Light Pepperoni,2,6,,,ltP,
Light Green Pepper,2,6,,,ltGP,
Light Onion,2,6,,,ltO,
Light Mushroom,2,6,,,ltM,
Light Ground Beef,2,6,,,ltGB,
Light Bacon,2,6,,,ltB,
Light Green Olives,2,6,,,ltGO,
Light Black Olives,2,6,,,ltBO,
Light Tomatoes,2,6,,,ltT,
Light Jalapeno Peppers,2,6,,,ltJAL,
Light Banana Peppers,2,6,,,ltBP,
Light Anchovies,2,6,,,ltANC,
Light Pineapple,2,6,,,ltPIN,
Light Chicken,2,6,,,ltCK,
blank,2,6,,,BLANK,
Pizza Sauce,0,7,,,PSC,
Mozzerella,0,7,,,CHS,
Ham,1,7,,,H,
Sausage,1,7,,,S,
Pepperoni,1,7,,,P,
Green Pepper,1,7,,,GP,
Onion,1,7,,,O,
Mushroom,1,7,,,M,
Ground Beef,1,7,,,GB,
Bacon,1,7,,,B,
Green Olives,1,7,,,GO,
Black Olives,1,7,,,BO,
Lettuce,1,7,,,LET,
Tomatoes,1,7,,,T,
Jalapeno Peppers,1,7,,,JAL,
Banana Peppers,1,7,,,BP,
Anchovies,1,7,,,ANC,
Pineapple,1,7,,,PIN,
Chicken,1,7,,,CK,
Spaghetti Sauce,1,7,,,SPSC,
Barbeque Sauce,1,7,,,BBQ,
Ranch Dressing,1,7,,,RNCH,
Miracle Whip,1,7,,,MWP,
Alfredo Sauce,1,7,,,ALF,
Romano Cheese,1,7,,,ROM,
Feta Cheese,1,7,,,FET,
Extra Pizza Sauce,1,7,,,xPSC,
Extra Mozzerella,1.5,7,,,xCHS,
Extra Ham,2,7,,,xH,
Extra Sausage,2,7,,,xS,
Extra Pepperoni,2,7,,,xP,
Extra Green Pepper,2,7,,,xGP,
Extra Onion,2,7,,,xO,
Extra Mushroom,2,7,,,xM,
Extra Ground Beef,2,7,,,xGB,
Extra Bacon,2,7,,,xB,
Extra Green Olives,2,7,,,xGO,
Extra Black Olives,2,7,,,xBO,
Extra Tomatoes,2,7,,,xT,
Extra Jalapeno Peppers,2,7,,,xJAL,
Extra Banana Peppers,2,7,,,xBP,
Extra Anchovies,2,7,,,xANC,
Extra Pineapple,2,7,,,xPIN,
Extra Chicken,2,7,,,xCK,
Light Pizza Sauce,0,7,,,ltPS,
Light Mozzerella,0,7,,,ltCHS,
Light Ham,1,7,,,ltH,
Light Sausage,1,7,,,ltS,
Light Pepperoni,1,7,,,ltP,
Light Green Pepper,1,7,,,ltGP,
Light Onion,1,7,,,ltO,
Light Mushroom,1,7,,,ltM,
Light Ground Beef,1,7,,,ltGB,
Light Bacon,1,7,,,ltB,
Light Green Olives,1,7,,,ltGO,
Light Black Olives,1,7,,,ltBO,
Light Tomatoes,1,7,,,ltT,
Light Jalapeno Peppers,1,7,,,ltJAL,
Light Banana Peppers,1,7,,,ltBP,
Light Anchovies,1,7,,,ltANC,
Light Pineapple,1,7,,,ltPIN,
Light Chicken,1,7,,,ltCK,
blank,1,7,,,BLANK,
Pizza Sauce,0,8,,,PSC,
Mozzerella,0,8,,,CHS,
Ham,0.5,8,,,H,
Sausage,0.5,8,,,S,
Pepperoni,0.5,8,,,P,
Green Pepper,0.5,8,,,GP,
Onion,0.5,8,,,O,
Mushroom,0.5,8,,,M,
Ground Beef,0.5,8,,,GB,
Bacon,0.5,8,,,B,
Green Olives,0.5,8,,,GO,
Black Olives,0.5,8,,,BO,
Lettuce,0.5,8,,,LET,
Tomatoes,0.5,8,,,T,
Jalapeno Peppers,0.5,8,,,JAL,
Banana Peppers,0.5,8,,,BP,
Anchovies,0.5,8,,,ANC,
Pineapple,0.5,8,,,PIN,
Chicken,0.5,8,,,CK,
Spaghetti Sauce,0.5,8,,,SPSC,
Barbeque Sauce,0.5,8,,,BBQ,
Ranch Dressing,0.5,8,,,RNCH,
Miracle Whip,0.5,8,,,MWP,
Alfredo Sauce,0.5,8,,,ALF,
Romano Cheese,0.5,8,,,ROM,
Feta Cheese,0.5,8,,,FET,
Extra Pizza Sauce,0.5,8,,,xPSC,
Extra Mozzerella,0.75,8,,,xCHS,
Extra Ham,1,8,,,xH,
Extra Sausage,1,8,,,xS,
Extra Pepperoni,1,8,,,xP,
Extra Green Pepper,1,8,,,xGP,
Extra Onion,1,8,,,xO,
Extra Mushroom,1,8,,,xM,
Extra Ground Beef,1,8,,,xGB,
Extra Bacon,1,8,,,xB,
Extra Green Olives,1,8,,,xGO,
Extra Black Olives,1,8,,,xBO,
Extra Tomatoes,1,8,,,xT,
Extra Jalapeno Peppers,1,8,,,xJAL,
Extra Banana Peppers,1,8,,,xBP,
Extra Anchovies,1,8,,,xANC,
Extra Pineapple,1,8,,,xPIN,
Extra Chicken,1,8,,,xCK,
Light Pizza Sauce,0,8,,,ltPS,
Light Mozzerella,0,8,,,ltCHS,
Light Ham,0.5,8,,,ltH,
Light Sausage,0.5,8,,,ltS,
Light Pepperoni,0.5,8,,,ltP,
Light Green Pepper,0.5,8,,,ltGP,
Light Onion,0.5,8,,,ltO,
Light Mushroom,0.5,8,,,ltM,
Light Ground Beef,0.5,8,,,ltGB,
Light Bacon,0.5,8,,,ltB,
Light Green Olives,0.5,8,,,ltGO,
Light Black Olives,0.5,8,,,ltBO,
Light Tomatoes,0.5,8,,,ltT,
Light Jalapeno Peppers,0.5,8,,,ltJAL,
Light Banana Peppers,0.5,8,,,ltBP,
Light Anchovies,0.5,8,,,ltANC,
Light Pineapple,0.5,8,,,ltPIN,
Light Chicken,0.5,8,,,ltCK,
blank,0.5,8,,,BLANK,
Ham,0.5,11,,,H,
Sausage,0.5,11,,,S,
Pepperoni,0.5,11,,,P,
Meatballs,0.5,11,,,MTB,
Green Pepper,0.5,11,,,GP,
Onion,0.5,11,,,O,
Mushroom,0.5,11,,,M,
Ground Beef,0.5,11,,,GB,
Bacon,0.5,11,,,B,
Green Olives,0.5,11,,,GO,
Black Olives,0.5,11,,,BO,
Tomatoes,0.5,11,,,TOM,
Jalapeno Peppers,0.5,11,,,JAL,
Banana Peppers,0.5,11,,,BP,
Anchovies,0.5,11,,,ANC,
Pineapple,0.5,11,,,PIN,
Chicken,0.5,11,,,CK,
Lettuce,0.5,11,,,LET,
Italian Dressing,0.5,11,,,ITAL,
Salad Dressing,0.5,11,,,SD,
Spaghetti Sauce,0.5,11,,,SPSC,
Barbeque Sauce,0.5,11,,,BBQ,
Ranch Dressing,0.5,11,,,RNCH,
Miracle Whip,0.5,11,,,MWP,
Alfredo Sauce,0.5,11,,,ALF,
Mozzerella,0.5,11,,,CHS,
Romano Cheese,0.5,11,,,ROM,
Feta Cheese,0.5,11,,,FET,
Salami,0.5,11,,,SAL,
Capicola,0.5,11,,,CAP,
Mortadella,0.5,11,,,MORT,
Turkey,0.5,11,,,TUR,
Roast Beef,0.5,11,,,RB,
Steak,0.5,11,,,STK,
blank,0.5,11,,,BLANK,
Extra Ham,1,11,,,xH,
Extra Sausage,1,11,,,xS,
Extra Pepperoni,1,11,,,xP,
Extra Meatballs,1,11,,,xMTB,
Extra Green Pepper,1,11,,,xGP,
Extra Onion,1,11,,,xO,
Extra Mushroom,1,11,,,xM,
Extra Ground Beef,1,11,,,xGB,
Extra Bacon,1,11,,,xB,
Extra Green Olives,1,11,,,xGO,
Extra Black Olives,1,11,,,xBO,
Extra Tomatoes,1,11,,,xTOM,
Extra Jalapeno Peppers,1,11,,,xJAL,
Extra Banana Peppers,1,11,,,xBP,
Extra Anchovies,1,11,,,xANC,
Extra Pineapple,1,11,,,xPIN,
Extra Chicken,1,11,,,xCK,
Extra Lettuce,1,11,,,xLET,
Extra Italian Dressing,1,11,,,xITAL,
Extra Salad Dressing,1,11,,,xSD,
Extra Spaghetti Sauce,1,11,,,xSPSC,
Extra Barbeque Sauce,1,11,,,xBBQ,
Extra Ranch Dressing,1,11,,,xRNCH,
Extra Miracle Whip,1,11,,,xMWP,
Extra Alfredo Sauce,1,11,,,xALF,
Extra Romano Cheese,1,11,,,xROM,
Extra Feta Cheese,1,11,,,xFET,
Extra Salami,1,11,,,xSAL,
Extra Capicola,1,11,,,xCAP,
Extra Mortadella,1,11,,,xMORT,
Extra Turkey,1,11,,,xTUR,
Extra Roast Beef,1,11,,,xRB,
Extra Steak,1,11,,,xSTK,
Light Ham,0.5,11,,,ltH,
Light Sausage,0.5,11,,,ltS,
Light Pepperoni,0.5,11,,,ltP,
Light Meatballs,0.5,11,,,ltMTB,
Light Green Pepper,0.5,11,,,ltGP,
Light Onion,0.5,11,,,ltO,
Light Mushroom,0.5,11,,,ltM,
Light Ground Beef,0.5,11,,,ltGB,
Light Bacon,0.5,11,,,ltB,
Light Green Olives,0.5,11,,,ltGO,
Light Black Olives,0.5,11,,,ltBO,
Light Tomatoes,0.5,11,,,ltTOM,
Light Jalapeno Peppers,0.5,11,,,ltJAL,
Light Banana Peppers,0.5,11,,,ltBP,
Light Anchovies,0.5,11,,,ltANC,
Light Pineapple,0.5,11,,,ltPIN,
Light Chicken,0.5,11,,,ltCK,
Light Lettuce,0.5,11,,,ltLET,
Light Italian Dressing,0.5,11,,,ltITAL,
Light Salad Dressing,0.5,11,,,ltSD,
Light Spaghetti Sauce,0.5,11,,,ltSPSC,
Light Barbeque Sauce,0.5,11,,,ltBBQ,
Light Ranch Dressing,0.5,11,,,ltRNCH,
Light Miracle Whip,0.5,11,,,ltMWP,
Light Alfredo Sauce,0.5,11,,,ltALF,
Light Romano Cheese,0.5,11,,,ltROM,
Light Feta Cheese,0.5,11,,,ltFET,
Light Salami,0.5,11,,,ltSAL,
Light Capicola,0.5,11,,,ltCAP,
Light Mortadella,0.5,11,,,ltMORT,
Light Turkey,0.5,11,,,ltTUR,
Light Roast Beef,0.5,11,,,ltRB,
Light Steak,0.5,11,,,ltSTK,
Ham,0.5,12,,,HAM,
Sausage,0.5,12,,,SAU,
Pepperoni,0.5,12,,,PEP,
Green Pepper,0.5,12,,,GRP,
Onion,0.5,12,,,ONS,
Mushroom,0.5,12,,,MUS,
Ground Beef,0.5,12,,,GDB,
Bacon,0.5,12,,,BAC,
Green Olives,0.5,12,,,GOL,
Black Olives,0.5,12,,,BO,
Tomatoes,0.5,12,,,TOM,
Jalapeno Peppers,0.5,12,,,JAL,
Mild Banana Peppers,0.5,12,,,BPE,
Peppercini,0.5,12,,,PPRC,
Anchovies,0.5,12,,,ANC,
Pineapple,0.5,12,,,PIN,
Chicken,0.5,12,,,CK,
Romaine Lettuce,0.5,12,,,RLTC,
Lettuce,0.5,12,,,LET,
Croutons,0.5,12,,,CRTN,
Mozzerella,0.5,12,,,CHS,
Permesan,0.5,12,,,PARM,
Feta Cheese,0.5,12,,,FET,
Salad Dressing,0.5,12,,,SD,
Salami,0.5,12,,,SAL,
Capicola,0.5,12,,,CAP,
Mortadella,0.5,12,,,MORT,
Turkey,0.5,12,,,TUR,
Roast Beef,0.5,12,,,RB,
Steak,0.5,12,,,STK,
blank,0.5,12,,,BLANK,
Extra Ham,1,12,,,xHAM,
Extra Sausage,1,12,,,xSAU,
Extra Pepperoni,1,12,,,xPEP,
Extra Green Pepper,1,12,,,xGRP,
Extra Onion,1,12,,,xONS,
Extra Mushroom,1,12,,,xMUS,
Extra Ground Beef,1,12,,,xGDB,
Extra Bacon,1,12,,,xBAC,
Extra Green Olives,1,12,,,xGOL,
Extra Black Olives,1,12,,,xBO,
Extra Tomatoes,1,12,,,xTOM,
Extra Jalapeno Peppers,1,12,,,xJAL,
Extra Mild Banana Peppers,1,12,,,xBPE,
Extra Peppercini,1,12,,,xPPRC,
Extra Anchovies,1,12,,,xANC,
Extra Pineapple,1,12,,,xPIN,
Extra Chicken,1,12,,,xCK,
Extra Romaine Lettuce,1,12,,,xRLTC,
Extra Lettuce,1,12,,,xLET,
Extra Croutons,1,12,,,xCRTN,
Extra Mozzerella,1,12,,,xCHS,
Extra Permesan,1,12,,,xPARM,
Extra Feta Cheese,1,12,,,xFET,
Extra Salad Dressing,1,12,,,xSD,
Extra Salami,1,12,,,xSAL,
Extra Capicola,1,12,,,xCAP,
Extra Mortadella,1,12,,,xMORT,
Extra Turkey,1,12,,,xTUR,
Extra Roast Beef,1,12,,,xRB,
Extra Steak,1,12,,,xSTK,
Light Ham,0.5,12,,,ltHAM,
Light Sausage,0.5,12,,,ltSAU,
Light Pepperoni,0.5,12,,,ltPEP,
Light Green Pepper,0.5,12,,,ltGRP,
Light Onion,0.5,12,,,ltONS,
Light Mushroom,0.5,12,,,ltMUS,
Light Ground Beef,0.5,12,,,ltGDB,
Light Bacon,0.5,12,,,ltBAC,
Light Green Olives,0.5,12,,,ltGOL,
Light Black Olives,0.5,12,,,ltBO,
Light Tomatoes,0.5,12,,,ltTOM,
Light Jalapeno Peppers,0.5,12,,,ltJAL,
Light Mild Banana Peppers,0.5,12,,,ltBPE,
Light Peppercini,0.5,12,,,ltPPRC,
Light Anchovies,0.5,12,,,ltANC,
Light Pineapple,0.5,12,,,ltPIN,
Light Chicken,0.5,12,,,ltCK,
Light Romaine Lettuce,0.5,12,,,ltRLTC,
Light Lettuce,0.5,12,,,ltLET,
Light Croutons,0.5,12,,,ltCRTN,
Light Mozzerella,0.5,12,,,ltCHS,
Light Permesan,0.5,12,,,ltPARM,
Light Feta Cheese,0.5,12,,,ltFET,
Light Salad Dressing,0.5,12,,,ltSD,
Light Salami,0.5,12,,,ltSAL,
Light Capicola,0.5,12,,,ltCAP,
Light Mortadella,0.5,12,,,ltMORT,
Light Turkey,0.5,12,,,ltTUR,
Light Roast Beef,0.5,12,,,ltRB,
Light Steak,0.5,12,,,ltSTK,
Ham,0.5,13,,,H,
Sausage,0.5,13,,,S,
Pepperoni,0.5,13,,,P,
Green Pepper,0.5,13,,,GP,
Onion,0.5,13,,,O,
Mushroom,0.5,13,,,M,
Ground Beef,0.5,13,,,GB,
Bacon,0.5,13,,,B,
Green Olives,0.5,13,,,GO,
Black Olives,0.5,13,,,BO,
Lettuce,0.5,13,,,LET,
Tomatoes,0.5,13,,,T,
Jalapeno Peppers,0.5,13,,,JAL,
Banana Peppers,0.5,13,,,BP,
Anchovies,0.5,13,,,ANC,
Pineapple,0.5,13,,,PIN,
Chicken,0.5,13,,,CK,
Pizza Sauce,0.5,13,,,PSC,
Spaghetti Sauce,0.5,13,,,SPSC,
Barbeque Sauce,0.5,13,,,BBQ,
Ranch Dressing,0.5,13,,,RNCH,
Miracle Whip,0.5,13,,,MWP,
Alfredo Sauce,0.5,13,,,ALF,
Romano Cheese,0.5,13,,,ROM,
blank,0.5,13,,,BLANK,
Extra Ham,1,13,,,xH,
Extra Sausage,1,13,,,xS,
Extra Pepperoni,1,13,,,xP,
Extra Green Pepper,1,13,,,xGP,
Extra Onion,1,13,,,xO,
Extra Mushroom,1,13,,,xM,
Extra Ground Beef,1,13,,,xGB,
Extra Bacon,1,13,,,xB,
Extra Green Olives,1,13,,,xGO,
Extra Black Olives,1,13,,,xBO,
Extra Lettuce,1,13,,,xLET,
Extra Tomatoes,1,13,,,xT,
Extra Jalapeno Peppers,1,13,,,xJAL,
Extra Banana Peppers,1,13,,,xBP,
Extra Anchovies,1,13,,,xANC,
Extra Pineapple,1,13,,,xPIN,
Extra Chicken,1,13,,,xCK,
Extra Pizza Sauce,1,13,,,xPSC,
Extra Spaghetti Sauce,1,13,,,xSPSC,
Extra Barbeque Sauce,1,13,,,xBBQ,
Extra Ranch Dressing,1,13,,,xRNCH,
Extra Miracle Whip,1,13,,,xMWP,
Extra Alfredo Sauce,1,13,,,xALF,
Extra Romano Cheese,1,13,,,xROM,
Light Ham,0.5,13,,,ltH,
Light Sausage,0.5,13,,,ltS,
Light Pepperoni,0.5,13,,,ltP,
Light Green Pepper,0.5,13,,,ltGP,
Light Onion,0.5,13,,,ltO,
Light Mushroom,0.5,13,,,ltM,
Light Ground Beef,0.5,13,,,ltGB,
Light Bacon,0.5,13,,,ltB,
Light Green Olives,0.5,13,,,ltGO,
Light Black Olives,0.5,13,,,ltBO,
Light Lettuce,0.5,13,,,ltLET,
Light Tomatoes,0.5,13,,,ltT,
Light Jalapeno Peppers,0.5,13,,,ltJAL,
Light Banana Peppers,0.5,13,,,ltBP,
Light Anchovies,0.5,13,,,ltANC,
Light Pineapple,0.5,13,,,ltPIN,
Light Chicken,0.5,13,,,ltCK,
Light Pizza Sauce,0.5,13,,,ltPSC,
Light Spaghetti Sauce,0.5,13,,,ltSPSC,
Light Barbeque Sauce,0.5,13,,,ltBBQ,
Light Ranch Dressing,0.5,13,,,ltRNCH,
Light Miracle Whip,0.5,13,,,ltMWP,
Light Alfredo Sauce,0.5,13,,,ltALF,
Light Romano Cheese,0.5,13,,,ltROM,
